{"IcoMoonType":"selection","icons":[{"icon":{"paths":["M576 256l-128-128h-448v832h1024v-704h-448zM512 480l224 224h-160v256h-128v-256h-160l224-224z"],"tags":["folder-upload","directory","folder-load"],"defaultCode":59700,"grid":16,"attrs":[]},"attrs":[],"properties":{"ligatures":"folder-upload, directory6","name":"folder-upload","order":6,"id":53,"prevSize":32,"code":59700},"setIdx":1,"setId":1,"iconIdx":51},{"icon":{"paths":["M64 0h384v64h-384zM576 0h384v64h-384zM952 320h-56v-256h-256v256h-256v-256h-256v256h-56c-39.6 0-72 32.4-72 72v560c0 39.6 32.4 72 72 72h304c39.6 0 72-32.4 72-72v-376h128v376c0 39.6 32.4 72 72 72h304c39.6 0 72-32.4 72-72v-560c0-39.6-32.4-72-72-72zM348 960h-248c-19.8 0-36-14.4-36-32s16.2-32 36-32h248c19.8 0 36 14.4 36 32s-16.2 32-36 32zM544 512h-64c-17.6 0-32-14.4-32-32s14.4-32 32-32h64c17.6 0 32 14.4 32 32s-14.4 32-32 32zM924 960h-248c-19.8 0-36-14.4-36-32s16.2-32 36-32h248c19.8 0 36 14.4 36 32s-16.2 32-36 32z"],"tags":["binoculars","lookup","search","find"],"defaultCode":59781,"grid":16,"attrs":[]},"attrs":[],"properties":{"ligatures":"binoculars, lookup","name":"binoculars","order":11,"id":134,"prevSize":32,"code":59781},"setIdx":1,"setId":1,"iconIdx":132},{"icon":{"paths":["M1002.934 817.876l-460.552-394.76c21.448-40.298 33.618-86.282 33.618-135.116 0-159.058-128.942-288-288-288-29.094 0-57.172 4.332-83.646 12.354l166.39 166.39c24.89 24.89 24.89 65.62 0 90.51l-101.49 101.49c-24.89 24.89-65.62 24.89-90.51 0l-166.39-166.39c-8.022 26.474-12.354 54.552-12.354 83.646 0 159.058 128.942 288 288 288 48.834 0 94.818-12.17 135.116-33.62l394.76 460.552c22.908 26.724 62.016 28.226 86.904 3.338l101.492-101.492c24.888-24.888 23.386-63.994-3.338-86.902z"],"tags":["wrench","tool","fix","settings","control","options","preferences"],"defaultCode":59793,"grid":16,"attrs":[]},"attrs":[],"properties":{"ligatures":"wrench, tool","name":"wrench","order":10,"id":146,"prevSize":32,"code":59793},"setIdx":1,"setId":1,"iconIdx":144},{"icon":{"paths":["M992 384h-352v-352c0-17.672-14.328-32-32-32h-192c-17.672 0-32 14.328-32 32v352h-352c-17.672 0-32 14.328-32 32v192c0 17.672 14.328 32 32 32h352v352c0 17.672 14.328 32 32 32h192c17.672 0 32-14.328 32-32v-352h352c17.672 0 32-14.328 32-32v-192c0-17.672-14.328-32-32-32z"],"tags":["plus","add","sum"],"defaultCode":59914,"grid":16,"attrs":[]},"attrs":[],"properties":{"ligatures":"plus, add","name":"plus","order":7,"id":267,"prevSize":32,"code":59914},"setIdx":1,"setId":1,"iconIdx":265},{"icon":{"paths":["M0 416v192c0 17.672 14.328 32 32 32h960c17.672 0 32-14.328 32-32v-192c0-17.672-14.328-32-32-32h-960c-17.672 0-32 14.328-32 32z"],"tags":["minus","subtract","minimize","line"],"defaultCode":59915,"grid":16,"attrs":[]},"attrs":[],"properties":{"ligatures":"minus, subtract","name":"minus","order":8,"id":268,"prevSize":32,"code":59915},"setIdx":1,"setId":1,"iconIdx":266}],"height":1024,"metadata":{"name":"icomoon"},"preferences":{"showGlyphs":true,"showQuickUse":true,"showQuickUse2":true,"showSVGs":true,"fontPref":{"prefix":"icon-","metadata":{"fontFamily":"icomoon"},"metrics":{"emSize":1024,"baseline":6.25,"whitespace":50},"embed":false,"autoHost":true},"imagePref":{"prefix":"icon-","png":true,"useClassSelector":true,"color":0,"bgColor":16777215,"classSelector":".icon","name":"icomoon"},"historySize":50,"showCodes":true,"gridSize":16,"quickUsageToken":{"UntitledProject":"MDgwMGY5NGE0YWJkNTY4NjUzYTFjODZhMzcyOWZjMzYjMSMxNTc0MDc3Nzc5IyMj"}}}